Virat Kohli,2026-01-07 16:33:45
Virat Kohli,2026-01-07 16:37:07
Camila Cabello,2026-01-07 16:39:01
Camila Cabello,2026-01-07 16:39:13
Camila Cabello,2026-01-07 16:39:17
Virat Kohli,2026-01-07 16:40:08
Hrithik Roshan,2026-01-07 16:40:14
Billie Eilish,2026-01-07 16:40:17
Zac Efron,2026-01-07 16:40:21
Virat Kohli,2026-01-07 16:40:24
Virat Kohli,2026-01-07 16:40:27
Virat Kohli,2026-01-07 16:40:30
Virat Kohli,2026-01-07 16:40:33
Billie Eilish,2026-01-07 16:40:35
Billie Eilish,2026-01-07 16:40:38
Alia Bhatt,2026-01-07 16:40:40
Billie Eilish,2026-01-07 16:40:43
Zac Efron,2026-01-07 16:41:09
Zac Efron,2026-01-07 16:41:12
Billie Eilish,2026-01-07 16:41:15
Billie Eilish,2026-01-07 16:41:18
Virat Kohli,2026-01-07 16:41:21
